{
    "rmse": 0.8046084288170813,
    "mae": 0.6572409218764261,
    "r2": 0.009351309653677031
}